{
    "$schema": "node_modules/eslint-plugin-project-structure/projectStructure.schema.json",
    "ignorePatterns": [
        "Bullet.Web.Tests.old",
        "node_modules"
    ],
    "structure": {
        "children": [
            {
                "name": "/^${{kebab-case}}|${{snake_case}}$/",
                "extension": "*"
            },
            {
                "name": ".env.template"
            },
            {
                "name": "playwright.config.ts",
                "extension": "ts"
            },
            {
                "name": "README",
                "extension": "md"
            },
            {
                "name": "scripts",
                "ruleId": "recursive-js-ts-folder"
            },
            {
                "name": "logs",
                "ruleId": "empty-folder"
            },
            {
                "name": "reports",
                "ruleId": "empty-folder"
            },
            {
                "name": "shared",
                "children": [
                    {
                        "name": "api",
                        "children": [
                            {
                                "name": "controllers",
                                "ruleId": "recursive-js-ts-folder"
                            },
                            {
                                "name": "schemas",
                                "ruleId": "recursive-js-ts-json-folder"
                            },
                            {
                                "name": "templates",
                                "children": [
                                    {
                                        "name": "headers",
                                        "ruleId": "recursive-js-ts-folder"
                                    },
                                    {
                                        "name": "requests",
                                        "ruleId": "recursive-js-ts-json-folder"
                                    },
                                    {
                                        "name": "responses",
                                        "ruleId": "recursive-js-ts-json-folder"
                                    }
                                ]
                            }
                        ]
                    },
                    {
                        "name": "assets",
                        "children": [
                            {
                                "name": "sessions",
                                "ruleId": "recursive-js-ts-folder"
                            },
                            {
                                "name": "test-data",
                                "ruleId": "recursive-js-ts-json-folder"
                            },
                            {
                                "ruleId": "recursive-js-ts-json-folder"
                            },
                            {
                                "name": "/^${{kebab-case}}|${{snake_case}}$/"
                            },
                            {
                                "name": "templates",
                                "children": [
                                    {
                                        "name": "headers",
                                        "ruleId": "recursive-js-ts-folder"
                                    },
                                    {
                                        "name": "requests",
                                        "ruleId": "recursive-js-ts-json-folder"
                                    },
                                    {
                                        "name": "responses",
                                        "ruleId": "recursive-js-ts-json-folder"
                                    }
                                ]
                            }
                        ]
                    },
                    {
                        "name": "db",
                        "children": [
                            {
                                "name": "controllers",
                                "ruleId": "recursive-js-ts-folder"
                            },
                            {
                                "name": "queries",
                                "ruleId": "recursive-js-ts-json-folder"
                            }
                        ]
                    },
                    {
                        "name": "fixtures",
                        "ruleId": "recursive-js-ts-folder"
                    },
                    {
                        "name": "ui",
                        "children": [
                            {
                                "name": "/^pages$/",
                                "ruleId": "recursive-js-ts-folder"
                            },
                            {
                                "name": "/^components$/",
                                "ruleId": "recursive-js-ts-json-folder"
                            },
                            {
                                "ruleId": "ts-files"
                            }
                        ]
                    },
                    {
                        "name": "plugins",
                        "ruleId": "recursive-js-ts-json-folder"
                    },
                    {
                        "name": "types",
                        "children": [
                            {
                                "name": "api",
                                "ruleId": "recursive-js-ts-folder"
                            },
                            {
                                "name": "performance",
                                "ruleId": "recursive-js-ts-folder"
                            },
                            {
                                "name": "ui",
                                "ruleId": "recursive-js-ts-folder"
                            },
                            {
                                "ruleId": "ts-files"
                            }
                        ]
                    },
                    {
                        "name": "utils",
                        "ruleId": "recursive-js-ts-json-folder"
                    }
                ]
            },
            {
                "name": "support",
                "children": [
                    {
                        "name": "api",
                        "ruleId": "recursive-js-ts-json-folder"
                    },
                    {
                        "name": "performance",
                        "ruleId": "recursive-js-ts-json-folder"
                    },
                    {
                        "name": "ui",
                        "ruleId": "recursive-js-ts-json-folder"
                    },
                    {
                        "name": "logger",
                        "extension": "ts"
                    },
                    {
                        "ruleId": "ts-files"
                    },
                    {
                        "ruleId": "js-files"
                    }
                ]
            },
            {
                "name": "tests",
                "children": [
                    {
                        "name": "api",
                        "ruleId": "recursive-test-folder"
                    },
                    {
                        "name": "performance",
                        "children": [
                            {
                                "name": "processors",
                                "children": [
                                    {
                                        "name": "hooks",
                                        "ruleId": "recursive-js-ts-folder"
                                    },
                                    {
                                        "ruleId": "recursive-js-ts-folder"
                                    },
                                    {
                                        "ruleId": "ts-files"
                                    },
                                    {
                                        "ruleId": "js-files"
                                    }
                                ]
                            },
                            {
                                "name": "scenarios",
                                "ruleId": "recursive-yaml-folder"
                            }
                        ]
                    },
                    {
                        "name": "ui",
                        "ruleId": "recursive-test-folder"
                    },
                    {
                        "ruleId": "test-files"
                    }
                ]
            }
        ]
    },
    "rules": {
        "ts-files": {
            "name": "/^${{kebab-case}}|${{snake_case}}$/",
            "extension": "ts"
        },
        "js-files": {
            "name": "/^${{kebab-case}}|${{snake_case}}$/",
            "extension": "ts"
        },
        "test-files": {
            "name": "/^(${{kebab-case}}|${{snake_case}})\\.spec$/",
            "extension": [
                "ts",
                "js"
            ]
        },
        "json-files": {
            "name": "/^${{kebab-case}}|${{snake_case}}$/",
            "extension": "json"
        },
        "yaml-files": {
            "name": "/^${{kebab-case}}|${{snake_case}}$/",
            "extension": [
                "yaml",
                "yml"
            ]
        },
        "recursive-js-ts-folder": {
            "name": "/^${{kebab-case}}|${{snake_case}}$/",
            "children": [
                {
                    "ruleId": "recursive-js-ts-folder"
                },
                {
                    "ruleId": "js-files"
                },
                {
                    "ruleId": "ts-files"
                }
            ]
        },
        "recursive-test-folder": {
            "name": "/^${{kebab-case}}|${{snake_case}}$/",
            "children": [
                {
                    "ruleId": "recursive-test-folder"
                },
                {
                    "ruleId": "test-files"
                }
            ]
        },
        "recursive-yaml-folder": {
            "name": "/^${{kebab-case}}|${{snake_case}}$/",
            "children": [
                {
                    "ruleId": "recursive-yaml-folder"
                },
                {
                    "ruleId": "yaml-files"
                }
            ]
        },
        "empty-folder": {
            "children": [
            ]
        },
        "recursive-js-ts-json-folder": {
            "name": "/^${{kebab-case}}|${{snake_case}}$/",
            "children": [
                {
                    "ruleId": "recursive-js-ts-json-folder"
                },
                {
                    "ruleId": "js-files"
                },
                {
                    "ruleId": "ts-files"
                },
                {
                    "ruleId": "json-files"
                }
            ]
        }
    },
    "regexParameters": {
        "yourCustomRegexParameter": "\\.(types|api)"
    }
}